date,series,offered_bn,demand_bn,allocated_bn,weighted_yield,cover_ratio,source
2014-01-17,PROXY,151.93012540602217,,,,,bliquidity_proxy
2014-01-31,PROXY,179.79811773384674,,,,,bliquidity_proxy
2014-02-14,PROXY,242.5451762267059,,,,,bliquidity_proxy
2014-02-28,PROXY,231.8369003569569,,,,,bliquidity_proxy
2014-03-14,PROXY,166.16140215563462,230.2324711030384,182.7775423711981,12.60449578166496,1.3855953796501537,bliquidity_proxy
2014-03-28,PROXY,158.90910816845889,224.12526047797456,174.80001898530475,12.32889907520242,1.4103990832317823,bliquidity_proxy
2014-04-11,PROXY,222.6012893589175,310.12840822360846,244.8614182948093,12.519985430414604,1.3932013112626858,bliquidity_proxy
2014-04-25,PROXY,247.2717667012385,342.9663648331914,271.9989433713624,12.58886981771877,1.3870017164053108,bliquidity_proxy
2014-05-09,PROXY,190.32633039807655,264.21861769309663,209.35896343788423,12.57511153253521,1.388239962071831,bliquidity_proxy
2014-05-23,PROXY,150.0827319563041,209.56896103873484,165.0910051519345,12.484930536715956,1.396356251695564,bliquidity_proxy
2014-06-06,PROXY,196.0225728562639,266.3178382315019,215.62483014189033,12.904355409971478,1.358608013102567,bliquidity_proxy
2014-06-20,PROXY,248.82954339717827,340.8266823942751,273.7124977368961,12.78089423782983,1.3697195185953153,bliquidity_proxy
2014-07-04,PROXY,217.3310590047138,304.2569073193816,239.0641649051852,12.782871780049089,1.3999697452943547,bliquidity_proxy
2014-07-18,PROXY,155.9100581966225,214.85213893604816,171.50106401628474,12.688313148035064,1.3780518166768445,bliquidity_proxy
2014-08-01,PROXY,170.61146900900798,236.75441108332984,187.6726159099088,12.581314592316987,1.3876816866914712,bliquidity_proxy
2014-08-15,PROXY,236.0529298535316,331.6084709706045,259.6582228388848,12.740821119473935,1.4048055712604972,bliquidity_proxy
2014-08-29,PROXY,239.24808566382018,327.5193464988373,263.1728942302022,12.789412881235867,1.368952840688772,bliquidity_proxy
2014-09-12,PROXY,174.68041825377546,241.47291808537452,192.148460079153,12.640336621630237,1.3823697040532787,bliquidity_proxy
2014-09-26,PROXY,153.82765598785068,210.5769566279056,169.21042158663576,12.789835432992119,1.3689148110307094,bliquidity_proxy
2014-10-10,PROXY,212.6926259895117,291.6812583626733,233.9618885884629,12.762504785397754,1.3713745693142023,bliquidity_proxy
2014-10-24,PROXY,249.6434527512659,348.17061816114125,274.6077980263925,12.503649579517909,1.3946715378433885,bliquidity_proxy
2014-11-07,PROXY,200.88358927336856,284.63559910182704,220.97194820070544,12.25646525314574,1.4169181272168836,bliquidity_proxy
2014-11-21,PROXY,150.5981863272915,209.8969786610145,165.65800496002066,12.51383307684358,1.393755023084078,bliquidity_proxy
2014-12-05,PROXY,185.6062775745757,255.54947695534725,204.16690533203328,12.701817902164873,1.3768363888051616,bliquidity_proxy
2014-12-19,PROXY,245.46549854449205,345.8146725071329,270.01204839894126,12.34653638550837,1.4088117253042467,bliquidity_proxy
2015-01-02,PROXY,245.4648713412841,358.55661961689316,270.0113584754125,12.254567150656657,1.4607247776744845,bliquidity_proxy
2015-01-16,PROXY,185.6048341667467,257.3005357925189,204.16531758342143,12.596872947982176,1.386281434681604,bliquidity_proxy
2015-01-30,PROXY,150.5984187953569,202.95317948315343,165.6582606748926,13.026168630263744,1.3476448232762632,bliquidity_proxy
2015-02-13,PROXY,200.88509625527067,266.6956953104803,220.97360588079775,13.248853405808433,1.327603193477241,bliquidity_proxy
2015-02-27,PROXY,249.64363240422685,334.2382465110337,274.6079956446496,13.123761183887655,1.338861493450111,bliquidity_proxy
2015-03-13,PROXY,212.6911681381018,289.35654465273257,233.960284951912,12.883844747723016,1.3604539727049287,bliquidity_proxy
2015-03-27,PROXY,153.82707764979702,210.9898763074821,169.20978541477675,12.759952572789992,1.3716042684489007,bliquidity_proxy
2015-04-10,PROXY,174.68171794451206,240.69494930341457,192.14988973896328,12.68993574677907,1.3779057827898837,bliquidity_proxy
2015-04-24,PROXY,239.24901943406553,332.83800428692376,263.1739213774721,12.542465183847199,1.391178133453752,bliquidity_proxy
2015-05-08,PROXY,236.0518855250866,325.87343749529344,259.65707407759527,12.660931794229947,1.3805161385193043,bliquidity_proxy
2015-05-22,PROXY,170.61024964162968,232.91063719176975,187.67127460579263,12.831532840299044,1.365162044373086,bliquidity_proxy
2015-06-05,PROXY,155.91076905926093,214.8450798189427,171.50184596518704,12.973910809464572,1.3780002569115744,bliquidity_proxy
2015-06-19,PROXY,217.3324727748515,296.19268311188904,239.06572005233667,12.857164829833279,1.362855165315005,bliquidity_proxy
2015-07-03,PROXY,248.82921916453148,338.8693126095034,273.7121410809846,12.8682779410227,1.361854985307957,bliquidity_proxy
2015-07-17,PROXY,196.02107041678582,266.1452354304379,215.62317745846443,12.914023394154519,1.3577378945260934,bliquidity_proxy
2015-07-31,PROXY,150.0826453101614,209.56010109281357,165.09090984117756,12.814799790751474,1.3962980240635805,bliquidity_proxy
2015-08-14,PROXY,190.3278091420496,259.28703579912974,209.36059005625455,12.863131260631556,1.3623181865431602,bliquidity_proxy
2015-08-28,PROXY,247.27225774605583,345.4065421567459,271.99948352066144,12.809849174375229,1.3968673449468487,bliquidity_proxy
2015-09-11,PROXY,222.5999449031492,309.50113396403134,244.85993939346412,12.866158421413342,1.3903917815374658,bliquidity_proxy
2015-09-25,PROXY,158.908249449358,216.65728054304313,174.79907439429385,12.850987123156877,1.363411158915881,bliquidity_proxy
2015-10-09,PROXY,166.16251177368082,226.82232460201055,182.77876295104892,12.832631474865298,1.3650631672621232,bliquidity_proxy
2015-10-23,PROXY,231.83806252822757,315.4653195708888,255.02186878105036,12.880954493710254,1.3607140955660773,bliquidity_proxy
2015-11-06,PROXY,242.54438443279295,331.0472671106481,266.7988228760723,12.834516055698185,1.3648935549871637,bliquidity_proxy
2015-11-20,PROXY,179.79673902718196,247.9100532727119,197.77641292990015,12.966651370292166,1.3788350924164008,bliquidity_proxy
2015-12-04,PROXY,151.93054015890698,205.5337335562446,167.1235941747977,12.968735395553999,1.35281381440014,bliquidity_proxy
2015-12-18,PROXY,207.05749253396957,283.95747429638413,227.76324178736655,12.762285058484503,1.3713943447363948,bliquidity_proxy
2016-01-01,PROXY,242.0735492403948,335.21032989706197,266.28090416443433,12.613935587899626,1.3847457970890338,bliquidity_proxy
2016-01-15,PROXY,232.51439200785583,320.0668964230149,255.76583120864143,12.70503774654751,1.376546602810724,bliquidity_proxy
2016-01-29,PROXY,166.81830578935163,233.6713191071313,183.5001363682868,12.77605686532426,1.40075346048771,bliquidity_proxy
2016-02-12,PROXY,158.41126286857008,219.97007665493615,174.2523891554271,12.57109729085082,1.3886012438234263,bliquidity_proxy
2016-02-26,PROXY,221.8082377623913,297.0572232660709,243.9890615386304,13.119417351833386,1.3392524383349953,bliquidity_proxy
2016-03-11,PROXY,247.55273266271874,333.73121455683213,272.3080059289906,13.020869831240345,1.3481217151883689,bliquidity_proxy
2016-03-25,PROXY,191.19621900257064,262.1984331933483,210.31584090282772,12.762690708170505,1.3713578362646546,bliquidity_proxy
2016-04-08,PROXY,150.03965829068233,217.0374864334072,165.04362411975058,12.377964094931352,1.4465341290828944,bliquidity_proxy
2016-04-22,PROXY,195.14090470533955,320.6378560665817,214.65499517587352,9.743228819381615,1.6431094062556544,bliquidity_proxy
2016-05-06,PROXY,248.6315033621204,354.9497126668946,273.49465369833246,12.137626797217488,1.4276135882504262,bliquidity_proxy
2016-05-20,PROXY,218.15856826866295,281.43472457039115,239.97442509552926,13.666148618212448,1.2900466243608797,bliquidity_proxy
2016-06-03,PROXY,156.33440086126762,232.5044176184938,171.9678409473944,12.024131085695284,1.4872249251450425,bliquidity_proxy
2016-06-17,PROXY,169.90000661611975,223.28827811752168,186.89000727773174,13.397405701236313,1.314233486888732,bliquidity_proxy
2016-07-01,PROXY,235.43402041196043,313.8848484443018,258.9774224531565,13.18646786451542,1.3332178921936122,bliquidity_proxy
2016-07-15,PROXY,239.79029214598236,314.3890144009566,263.76932136058065,13.43222396595146,1.3110998430643688,bliquidity_proxy
2016-07-29,PROXY,175.44760730747686,258.44094573318034,192.99236803822455,11.632914077480104,1.4730377330267908,bliquidity_proxy
2016-08-12,PROXY,153.49525609977374,222.09144153869687,168.84478170975112,12.37483045110699,1.4468944981226963,bliquidity_proxy
2016-08-26,PROXY,211.83453406375384,253.2701678665151,233.01798747012924,14.715513649688134,1.195603771528068,bliquidity_proxy
2016-09-09,PROXY,249.74118643355337,338.3780467750972,274.71530507690875,13.17465331741062,1.3549148684977783,bliquidity_proxy
2016-09-23,PROXY,201.7684088628088,293.5216782775857,221.9452497490897,11.836161472237212,1.4547454674986509,bliquidity_proxy
2016-10-07,PROXY,150.74242818355577,206.13764974944675,165.81667100191137,12.80574873213256,1.3674826141080696,bliquidity_proxy
2016-10-21,PROXY,184.76090444548484,237.18379968653878,203.23699489003334,13.736292209750244,1.283733701122478,bliquidity_proxy
2016-11-04,PROXY,245.0900687481887,336.17049913988404,269.59907562300765,12.759775101052366,1.3716202409052871,bliquidity_proxy
2016-11-18,PROXY,227.57007669336977,292.94942980040753,250.32708436270673,13.696741365365076,1.287293277117143,bliquidity_proxy
2016-12-02,PROXY,162.44964243746728,226.87562969408893,178.69460668121403,12.482327617897443,1.39659051438923,bliquidity_proxy
2016-12-16,PROXY,162.16086043500985,238.94183592132788,178.37694647851086,11.627927966756333,1.47348648299193,bliquidity_proxy
2016-12-30,PROXY,227.20232019554325,348.6111425307033,249.9225522150976,10.951507115348472,1.5343643596186374,bliquidity_proxy
2017-01-13,PROXY,221.0083518413321,289.9707752675034,243.10918702546527,13.421829192747666,1.3120353726527103,bliquidity_proxy
2017-01-27,PROXY,247.81879642022517,304.63373837465247,272.6006760622477,14.341555345405302,1.2292600189135228,bliquidity_proxy
2017-02-10,PROXY,192.06886655976456,205.30175013323048,205.30175013323048,16.12337159116783,1.068896556794895,bliquidity_proxy
2017-02-24,PROXY,150.012241332069,193.05954650670785,165.0134654652759,13.700459820820091,1.2869586161261917,bliquidity_proxy
2017-03-10,PROXY,194.26075931084063,228.07109710757229,213.6868352419247,14.747424758320268,1.1740461527931694,bliquidity_proxy
2017-03-24,PROXY,248.4182230550093,353.0244588631491,273.2600453605102,12.210119776520044,1.4210892201131962,bliquidity_proxy
2017-04-07,PROXY,218.9803869513761,297.9362216253138,240.8784256465137,12.882653151770386,1.3605612163406653,bliquidity_proxy
2017-04-21,PROXY,156.77242756946958,214.54812032283596,172.44967032641657,12.794086303660013,1.3685322326705989,bliquidity_proxy
2017-05-05,PROXY,169.19797704056717,230.3547737090489,186.1177747446239,12.872765440674094,1.3614511103393316,bliquidity_proxy
2017-05-19,PROXY,234.8040065612371,335.1972462005938,258.2844072173608,12.13820146760599,1.427561867915461,bliquidity_proxy
2017-06-02,PROXY,240.32002903877432,355.9197213674988,264.35203194265176,11.54417820866723,1.4810239612199494,bliquidity_proxy
2017-06-16,PROXY,176.22249065640506,255.81201237901936,193.84473972204557,11.87064169554736,1.4516422474007378,bliquidity_proxy
2017-06-30,PROXY,153.1774299941178,221.95700702127357,168.4951729935296,12.356356488323662,1.4490190038427788,bliquidity_proxy
2017-07-14,PROXY,210.97273339970317,293.0844087597343,232.07000673967352,12.564387168961542,1.3892051547934614,bliquidity_proxy
2017-07-28,PROXY,249.8233320883054,366.388985147226,274.80566529713593,12.203544871192763,1.466592339812832,bliquidity_proxy
2017-08-11,PROXY,202.6526742634968,308.101085375352,222.9179416898465,11.73616882463779,1.520340585166654,bliquidity_proxy
2017-08-25,PROXY,150.90210651089873,205.98184022658543,165.9923171619886,12.833299106640176,1.365003080402384,bliquidity_proxy
2017-09-08,PROXY,183.92030698537482,230.576301782871,202.31233768391232,14.070277117891656,1.253675059389751,bliquidity_proxy
2017-09-22,PROXY,244.7005085041897,338.54444299987546,269.1705593546087,12.627719226188558,1.3835052696430297,bliquidity_proxy
2017-10-06,PROXY,228.30413938530225,337.4452900910962,251.13455332383248,11.577204853935868,1.478051563145772,bliquidity_proxy
2017-10-20,PROXY,163.0399500624363,237.4605202772788,179.34394506867994,11.817155094241008,1.4564560415183094,bliquidity_proxy
2017-11-03,PROXY,161.58823178812764,228.1833751788002,177.74705496694042,12.30968142132809,1.412128672080472,bliquidity_proxy
2017-11-17,PROXY,226.45541327409268,310.0691323297158,249.10095460150197,12.786353606520604,1.3692281754131457,bliquidity_proxy
2017-12-01,PROXY,245.6466474471484,351.5372930221955,270.21131219186327,12.099233744644453,1.4310689629819997,bliquidity_proxy
2017-12-15,PROXY,186.0277779107809,250.7586568069811,204.630555701859,13.022627646546352,1.3479635118108284,bliquidity_proxy
2017-12-29,PROXY,150.53230699152786,203.50399034286443,165.58553769068067,12.97893579494992,1.3518957784545074,bliquidity_proxy
2018-01-12,PROXY,173.17135409997826,229.50704531421076,190.4884895099761,13.274248766359166,1.325317611027675,bliquidity_proxy
2018-01-26,PROXY,238.12792252398015,322.25920236065485,261.9407147763782,12.963301379968602,1.3533028758028258,bliquidity_proxy
2018-02-09,PROXY,237.25565802396744,321.51239774372783,260.9812238263642,12.94299354256314,1.3551305811693175,bliquidity_proxy
2018-02-23,PROXY,172.06054755741917,234.12050110146907,189.26660231316112,12.881258730974755,1.360686714212272,bliquidity_proxy
2018-03-09,PROXY,155.10361596553545,210.75946297083968,170.613977562089,12.901887707714966,1.358830106305653,bliquidity_proxy
2018-03-23,PROXY,215.66143912165427,298.0276522212404,237.2275830338197,12.939793980664804,1.3819236922235478,bliquidity_proxy
2018-04-06,PROXY,249.17938727171725,335.64762724116133,274.097325998889,13.033199891487772,1.3470120097661005,bliquidity_proxy
2018-04-20,PROXY,197.78786609574644,276.1036820261674,217.5666527053211,12.817750892217138,1.3959586473950294,bliquidity_proxy
2018-05-04,PROXY,150.21565065554103,205.87167480586916,165.23721572109514,12.772138965440295,1.3705074931103736,bliquidity_proxy
2018-05-18,PROXY,188.59738702495693,258.12211590234597,207.45712572745265,12.792877805637133,1.3686409974926583,bliquidity_proxy
2018-06-01,PROXY,246.6660261874431,346.52639005805406,271.3326288061874,12.74051857241646,1.404840364172107,bliquidity_proxy
2018-06-15,PROXY,224.16457818641283,307.26134711156044,246.58103600505413,12.77005155976441,1.370695359621203,bliquidity_proxy
2018-06-29,PROXY,159.94236821330847,221.1752728301299,175.93660503463934,12.63507162674734,1.3828435535927395,bliquidity_proxy
2018-07-13,PROXY,164.8806835365754,226.17976755409265,181.36875189023294,12.758017285746359,1.3717784442828278,bliquidity_proxy
2018-07-27,PROXY,230.45339650955302,320.02732925828695,253.49873616050834,12.57015922595194,1.3886856696643255,bliquidity_proxy
2018-08-10,PROXY,243.44754191081745,345.2469566556679,267.79229610189924,12.624717418512146,1.4181574968711033,bliquidity_proxy
2018-08-24,PROXY,181.42839552815386,249.4944598517084,199.57123508096925,12.7203594732292,1.3751676474093721,bliquidity_proxy
2018-09-07,PROXY,151.47359902290972,209.18744083850623,166.6209589252007,12.6553794641528,1.381015848226248,bliquidity_proxy
2018-09-21,PROXY,205.30087431335568,286.74311472358835,225.83096174469125,12.481144472979938,1.3966969974318055,bliquidity_proxy
2018-10-05,PROXY,249.9760545924455,349.2337784870641,274.9736600516901,12.477011916803797,1.3970689274876582,bliquidity_proxy
2018-10-19,PROXY,208.36629905059198,288.0953617749049,229.2029289556512,12.637344955195974,1.3826389540323625,bliquidity_proxy
2018-11-02,PROXY,152.31191432530005,210.91339905594464,167.54310575783006,12.6139271368645,1.384746557682195,bliquidity_proxy
2018-11-16,PROXY,178.5922285957774,246.31595165894387,196.45145145535517,12.675459123609883,1.3792086788751103,bliquidity_proxy
2018-11-30,PROXY,241.83360745501471,335.3838982351874,266.0169682005162,12.590695241305776,1.38683742828248,bliquidity_proxy
2018-12-14,PROXY,232.84819362621695,327.5824347726309,256.1330129888387,12.723045212191936,1.4068498005979273,bliquidity_proxy
2018-12-28,PROXY,167.14953378418767,230.96354223747937,183.86448716260645,12.646911526957515,1.3817779625738238,bliquidity_proxy
2019-01-11,PROXY,150.00048967246482,204.94439781797087,165.00053863971132,12.818983053138368,1.366291525217547,bliquidity_proxy
2019-01-25,PROXY,193.38241249511137,271.6245459646744,212.7206537446225,12.742626260576644,1.404597980033686,bliquidity_proxy
2019-02-08,PROXY,248.1897693142044,347.71423449404404,273.0087462456249,12.773900161160352,1.4010014814665597,bliquidity_proxy
2019-02-22,PROXY,219.7962575090917,298.3840811880569,241.77588326000088,12.916127701900653,1.3575485068289412,bliquidity_proxy
2019-03-08,PROXY,157.22400105123387,212.97271263133516,172.94640115635727,12.949095189923415,1.3545814329068926,bliquidity_proxy
2019-03-22,PROXY,168.5056002862773,236.8908370853629,185.35616031490505,12.731881614518674,1.4058336143303525,bliquidity_proxy
2019-04-05,PROXY,234.16308573680604,321.24195821286423,257.5793943104867,12.756969357390854,1.371872757834823,bliquidity_proxy
2019-04-19,PROXY,240.83713033181584,334.2686551964978,264.92084336499744,12.578390534163725,1.3879448519252646,bliquidity_proxy
2019-05-03,PROXY,177.00482546552044,250.99711831635943,194.7053080120725,12.6258769005313,1.4180241564389005,bliquidity_proxy
2019-05-17,PROXY,152.87427727208745,213.30905116601846,168.1617049992962,12.496407042415754,1.3953233661825821,bliquidity_proxy
2019-05-31,PROXY,210.10749407078268,296.6716495213999,231.11824347786097,12.311118097299346,1.411999371243059,bliquidity_proxy
2019-06-14,PROXY,249.88986397249457,342.36683399123507,274.878850369744,12.776989859602065,1.3700709126358142,bliquidity_proxy
2019-06-28,PROXY,203.53610836194957,280.94834763647253,223.88971919814455,12.662926238519455,1.3803366385332487,bliquidity_proxy
2019-07-12,PROXY,151.07717126889435,207.1946516918902,166.1848883957838,12.7616765839555,1.371449107444005,bliquidity_proxy
2019-07-26,PROXY,183.0847486229511,251.56557157688508,201.39322348524624,12.732900809354753,1.3740389271580722,bliquidity_proxy
2019-08-09,PROXY,244.29693989393783,338.07552814026985,268.72663388333166,12.92285810627423,1.3838713177784634,bliquidity_proxy
2019-08-23,PROXY,229.02933204948224,313.10194147329725,251.9322652544305,13.068849738059225,1.3670822801231894,bliquidity_proxy
2019-09-06,PROXY,163.64184032781753,223.32830235728844,180.0060243605993,12.83624006686369,1.364738393982268,bliquidity_proxy
2019-09-20,PROXY,161.02764072505684,227.0653145121227,177.13040479756253,12.694769738870592,1.410101480029882,bliquidity_proxy
2019-10-04,PROXY,225.70021568367846,309.86355482257403,248.27023725204634,12.745568911007183,1.3728987980093537,bliquidity_proxy
2019-10-18,PROXY,246.00071127479825,344.2866363172103,270.60078240227807,12.786651082957004,1.3995351254599444,bliquidity_proxy
2019-11-01,PROXY,186.8798029069168,259.325415921438,205.5677831976085,12.581568123370738,1.3876588688966336,bliquidity_proxy
2019-11-15,PROXY,150.41125021950836,207.6078633664332,165.4523752414592,12.66368683168071,1.380268185148736,bliquidity_proxy
2019-11-29,PROXY,199.5589416943057,276.63772218670766,219.5148358637363,12.597270146633054,1.386245686803025,bliquidity_proxy
2019-12-13,PROXY,249.46813160891543,343.9001197634655,274.414944769807,12.682963642800916,1.3785332721479175,bliquidity_proxy
2019-12-27,PROXY,213.9693277179785,304.0883905463982,235.3662604897764,12.59845667196461,1.4211774827240695,bliquidity_proxy
2020-01-10,PROXY,172.7989444555315,243.62716815181017,190.07883890108468,12.69662558618405,1.4098880575888342,bliquidity_proxy
2020-01-15,26232RMFS,,,,6.15,0.5229,wayback_html
2020-01-15,26230RMFS,,,,6.42,0.7796,wayback_html
2020-01-22,52002RMFS,,,,2.83,0.5309,wayback_html
2020-01-22,26229RMFS,,,,5.97,0.5913,wayback_html
2020-01-24,PROXY,154.7210818996688,210.2180110828424,170.1931900896357,12.903442698177974,1.3586901571639824,bliquidity_proxy
2020-01-29,24021RMFS,,,,,0.2045,wayback_html
2020-01-29,26226RMFS,,,,6.07,0.3237,wayback_html
2020-02-05,24021RMFS,,,,,0.564,wayback_html
2020-02-05,26228RMFS,,,,6.23,0.6731,wayback_html
2020-02-07,PROXY,214.81842893546926,286.0354146053399,236.3002718290162,13.205313672844252,1.3315217694440173,bliquidity_proxy
2020-02-12,26232RMFS,,,,6.0,0.594,wayback_html
2020-02-12,26230RMFS,,,,6.38,0.8231,wayback_html
2020-02-19,52002RMFS,,,,2.6,0.3019,wayback_html
2020-02-19,26228RMFS,,,,6.01,0.3289,wayback_html
2020-02-19,25084RMFS,,,,5.57,0.3154,wayback_html
2020-02-21,PROXY,249.33137960202427,336.8948123984118,274.26451756222673,12.986744551405451,1.3511929903735094,bliquidity_proxy
2020-02-26,26229RMFS,,,,5.85,0.6827,wayback_html
2020-03-06,PROXY,198.67244229880166,274.8494110720496,218.53968652868184,12.628555878665939,1.3834299709200657,bliquidity_proxy
2020-03-20,PROXY,150.30556730383125,213.70326708206233,165.33612403421438,12.593112237351535,1.4217920927045733,bliquidity_proxy
2020-04-03,PROXY,187.7374007266173,272.92665169204236,206.51114079927905,12.315059660081662,1.453768139090609,bliquidity_proxy
2020-04-08,52002RMFS,,,,3.0,0.5378,wayback_html
2020-04-08,25084RMFS,,,,6.46,0.3286,wayback_html
2020-04-08,29013RMFS,,,0.0,,0.0,wayback_html
2020-04-15,26229RMFS,,,,6.58,0.5101,wayback_html
2020-04-15,26228RMFS,,,,6.8,0.8028,wayback_html
2020-04-17,PROXY,246.34092527088924,350.76980673554124,270.9750177979782,12.17866502378466,1.4239201478593806,bliquidity_proxy
2020-04-22,26229RMFS,,,,6.01,0.6136,wayback_html
2020-04-22,24021RMFS,,,0.0,,0.0,wayback_html
2020-04-29,26232RMFS,,,,5.94,0.9185,wayback_html
2020-04-29,25084RMFS,,,,5.54,0.5879,wayback_html
2020-05-01,PROXY,224.9356576948197,328.3510489565676,247.42922346430169,12.262996213090368,1.4597554354946078,bliquidity_proxy
2020-05-13,26233RMFS,,,,6.18,0.6008,wayback_html
2020-05-13,26229RMFS,,,,5.42,0.6477,wayback_html
2020-05-15,PROXY,160.47833966385556,227.45692726217027,176.52617363024115,12.251462240351719,1.4173683983683454,bliquidity_proxy
2020-05-20,26230RMFS,,,,5.85,0.8089,wayback_html
2020-05-20,52002RMFS,,,,2.48,0.3712,wayback_html
2020-05-27,26228RMFS,,,,5.56,0.9121,wayback_html
2020-05-27,25084RMFS,,,,4.79,0.6085,wayback_html
2020-05-29,PROXY,164.25617851854176,230.47853414660992,180.68179637039592,12.409276870276637,1.403165081675103,bliquidity_proxy
2020-06-03,26233RMFS,,,,5.88,0.8633,wayback_html
2020-06-03,26232RMFS,,,,5.34,0.7337,wayback_html
2020-06-10,26234RMFS,,,,5.19,0.5881,wayback_html
2020-06-10,24021RMFS,,,,,0.0256,wayback_html
2020-06-12,PROXY,229.7466389011604,315.8199212369293,252.72130279127649,12.726173785395224,1.3746443593144295,bliquidity_proxy
2020-06-17,26228RMFS,,,,5.59,0.8469,wayback_html
2020-06-17,52002RMFS,,,,2.5,0.6643,wayback_html
2020-06-17,26234RMFS,,,,5.1,0.6048,wayback_html
2020-06-23,26232RMFS,,,,5.35,0.7051,wayback_html
2020-06-23,26233RMFS,,,,5.97,0.648,wayback_html
2020-06-26,PROXY,243.87876679021343,320.9317422018548,268.2666434692348,13.37835706806448,1.3159478638741968,bliquidity_proxy
2020-06-30,24021RMFS,,,,,0.1242,wayback_html
2020-06-30,26234RMFS,,,,5.17,0.5566,wayback_html
2020-07-08,29014RMFS,,,,,0.2429,wayback_html
2020-07-10,PROXY,182.2530821174077,248.1928422788766,200.47839032914848,12.868852611411205,1.361803264972992,bliquidity_proxy
2020-07-15,26228RMFS,,,,5.84,0.7331,wayback_html
2020-07-15,24021RMFS,,,,,0.2648,wayback_html
2020-07-22,26232RMFS,,,,5.48,0.8725,wayback_html
2020-07-22,52002RMFS,,,,2.63,0.5354,wayback_html
2020-07-24,PROXY,151.2679048437295,210.83713666250324,166.39469532810247,12.836525711850916,1.3937995431371446,bliquidity_proxy
2020-07-29,26234RMFS,,,,5.09,0.4372,wayback_html
2020-07-29,29014RMFS,,,,,0.0994,wayback_html
2020-08-05,26228RMFS,,,,5.93,0.7784,wayback_html
2020-08-05,29014RMFS,,,,,0.2397,wayback_html
2020-08-07,PROXY,204.41993562437656,282.2836932494894,224.86192918681425,12.65665557045668,1.3809009986588987,bliquidity_proxy
2020-08-12,24021RMFS,,,0.0,,0.0,wayback_html
2020-08-21,PROXY,249.94083456014042,341.1361707074061,274.9349180161545,12.834803390892434,1.364867694819681,bliquidity_proxy
2020-08-26,24021RMFS,,,,,0.2864,wayback_html
2020-09-02,26228RMFS,,,,6.1,0.7965,wayback_html
2020-09-02,29014RMFS,,,,,0.596,wayback_html
2020-09-04,PROXY,209.2376059610859,288.06812558817575,230.16136655719453,12.702764418098877,1.3767512023711013,bliquidity_proxy
2020-09-09,24021RMFS,,,,,0.4611,wayback_html
2020-09-09,29013RMFS,,,,,0.5394,wayback_html
2020-09-16,29014RMFS,,,,,0.6267,wayback_html
2020-09-16,26232RMFS,,,,5.89,0.488,wayback_html
2020-09-16,52003RMFS,,,,2.8,0.5207,wayback_html
2020-09-18,PROXY,152.58541452389755,216.5255707245943,167.84395597628733,12.616999933235965,1.4190450076778642,bliquidity_proxy
2020-09-23,29015RMFS,,,,,0.7043,wayback_html
2020-09-23,26234RMFS,,,,5.42,0.6533,wayback_html
2020-09-30,26232RMFS,,,,5.98,0.447,wayback_html
2020-09-30,29016RMFS,,,,,0.8414,wayback_html
2020-10-02,PROXY,177.79571699795451,245.2075241453311,195.57528869775,12.676076049174013,1.3791531555743388,bliquidity_proxy
2020-10-07,29013RMFS,,,,,0.9981,wayback_html
2020-10-07,26234RMFS,,,,5.29,0.5804,wayback_html
2020-10-14,29017RMFS,,,,,0.9285,wayback_html
2020-10-14,26233RMFS,,,,6.33,0.6264,wayback_html
2020-10-16,PROXY,241.34228169610407,334.33005936991185,265.4765098657145,12.607842391574476,1.3852941847582974,bliquidity_proxy
2020-10-21,52003RMFS,,,,2.77,0.3007,wayback_html
2020-10-21,29015RMFS,,,,,0.8564,wayback_html
2020-10-21,26234RMFS,,,,5.24,0.7558,wayback_html
2020-10-28,26235RMFS,,,,6.24,0.4755,wayback_html
2020-10-28,29019RMFS,,,,,0.907,wayback_html
2020-10-30,PROXY,233.5103401890253,321.0820508844798,256.86137420792784,12.99980140067363,1.3750228389225323,bliquidity_proxy
2020-11-03,29018RMFS,,,,,0.957,wayback_html
2020-11-11,26233RMFS,,,,6.31,0.6823,wayback_html
2020-11-11,29020RMFS,,,,,0.7542,wayback_html
2020-11-13,PROXY,167.82193970118692,216.29116304921453,184.6041336713056,13.7494487812329,1.2888133901582166,bliquidity_proxy
2020-11-18,26234RMFS,,,,5.18,0.6772,wayback_html
2020-11-18,26235RMFS,,,,6.01,0.3804,wayback_html
2020-11-18,52003RMFS,,,,2.73,0.3911,wayback_html
2020-11-25,26236RMFS,,,,5.7,0.766,wayback_html
2020-11-27,PROXY,157.68978290580742,215.18587115146673,173.45876119638817,12.837609134553945,1.364615177890145,bliquidity_proxy
2020-12-11,PROXY,220.60729752435424,296.5505860343325,242.66802727678967,13.063927855202403,1.344246493031784,bliquidity_proxy
2020-12-25,PROXY,247.94578617071534,358.0502630119429,272.7403647877869,11.954814005392715,1.4440667395146556,bliquidity_proxy
2021-01-08,PROXY,249.4679123311691,366.826724972028,274.414703564286,11.661816617607728,1.4704365044153047,bliquidity_proxy
2021-01-22,PROXY,199.5574345354798,324.34542701816645,219.5131779890278,9.940847824745452,1.6253236957729094,bliquidity_proxy
2021-02-05,PROXY,150.41105732784422,205.69709004381298,165.45216306062866,12.804819118268806,1.3675662793558074,bliquidity_proxy
2021-02-19,PROXY,186.88125731480358,220.68110898317306,205.56938304628395,14.87930316144645,1.1808627154698197,bliquidity_proxy
2021-03-05,PROXY,246.00130190983953,275.4198715618599,270.6014321008235,15.560143904224702,1.1195870486197768,bliquidity_proxy
2021-03-19,PROXY,225.69892279937676,307.54584653680865,248.2688150793145,12.85958182587904,1.3626376356708865,bliquidity_proxy
2021-04-02,PROXY,161.02669651920976,221.77667404314343,177.12936617113075,12.980291340983976,1.377266495786843,bliquidity_proxy
2021-04-16,PROXY,163.64287499595736,224.75161001261355,180.0071624955531,12.739695441595282,1.3734274102564248,bliquidity_proxy
2021-04-30,PROXY,229.0305592106157,293.33156126262156,251.9336151316773,13.76941181640526,1.2807529365235268,bliquidity_proxy
2021-05-14,PROXY,244.29624082299745,338.87498086247984,268.72586490529716,12.587247218974763,1.3871477502922716,bliquidity_proxy
2021-05-28,PROXY,183.08333028378618,245.0716977958572,201.3916633121648,13.126888066883918,1.3385800739804474,bliquidity_proxy
2021-06-11,PROXY,151.07748246033103,203.96097874320836,166.18523070636414,12.99953096754963,1.3500422129205334,bliquidity_proxy
2021-06-25,PROXY,203.53761180401725,279.8896694621791,223.89137298441898,12.720832731196202,1.3751250541923419,bliquidity_proxy
2021-07-09,PROXY,249.88996393403002,347.27443885653804,274.87896032743305,12.558784132673644,1.3897094280593723,bliquidity_proxy
2021-07-23,PROXY,210.10601796563955,294.89211949109813,231.11661976220353,12.751829437827809,1.403539614649802,bliquidity_proxy
2021-08-06,PROXY,152.87377363352988,210.74530418452633,168.16115099688287,12.682693209676916,1.3785576111290776,bliquidity_proxy
2021-08-20,PROXY,177.0061638383929,244.50472732951505,194.70678022223217,12.65183848043541,1.3813345367608132,bliquidity_proxy
2021-09-03,PROXY,240.83799998114043,308.9593685932483,264.9217999792545,13.746095410495286,1.2828514130554245,bliquidity_proxy
2021-09-17,PROXY,234.16198519079256,325.65292556678304,257.57818370987184,12.547594962168096,1.3907164534048717,bliquidity_proxy
2021-10-01,PROXY,168.50442966575193,250.81420126853988,185.35487263232713,11.461417221687752,1.488472450048102,bliquidity_proxy
2021-10-15,PROXY,157.22478146245896,216.28553164893796,172.94725960870488,12.715052223170677,1.3756452999146391,bliquidity_proxy
2021-10-29,PROXY,219.79764155213704,311.77252653085844,241.77740570735077,12.622151684248186,1.4184525563114585,bliquidity_proxy
2021-11-12,PROXY,248.1893674033711,324.36125777638625,273.00830414370824,13.592083746376634,1.306910369166687,bliquidity_proxy
2021-11-26,PROXY,193.38091853972745,269.6234375791232,212.7190103937002,12.508213138485427,1.3942608175363116,bliquidity_proxy
2021-12-10,PROXY,150.00048302469145,210.52267300205736,165.00053132716062,12.40577814173487,1.4034799672438616,bliquidity_proxy
2021-12-24,PROXY,192.9454917343945,232.24825002488743,212.24004090783396,14.625569282852378,1.203698764543286,bliquidity_proxy
2022-01-07,PROXY,232.84932993593947,339.9326651025114,256.1342629295334,11.779083181002722,1.459882513709755,bliquidity_proxy
2022-01-12,26237RMFS,,,,8.94,0.4352,wayback_html
2022-01-12,52004RMFS,,,,3.11,0.4582,wayback_html
2022-01-21,PROXY,241.8327819268028,348.0186294915799,266.0160601194831,12.0101344813212,1.4390878966810925,bliquidity_proxy
2022-02-02,26237RMFS,,,,9.6,0.7261,wayback_html
2022-02-04,PROXY,178.59086652519244,232.33298488441022,196.4499531777117,13.545298815924436,1.3009231065668008,bliquidity_proxy
2022-02-09,26240RMFS,,,,9.39,0.2711,wayback_html
2022-02-09,52004RMFS,,,,3.26,0.4726,wayback_html
2022-02-18,PROXY,152.3123673620264,184.24645473905468,167.54360409822905,14.559313167472098,1.2096618149275111,bliquidity_proxy
2022-03-04,PROXY,208.36778501514036,351.80620112717736,229.20456351665442,9.24010489424774,1.6883905595177033,bliquidity_proxy
2022-03-18,PROXY,249.97600792903657,418.8846220106904,274.97360872194025,9.381118866344087,1.6756993020290323,bliquidity_proxy
2022-04-01,PROXY,205.29937558755785,352.3564949753178,225.82931314631364,10.032124074716911,1.716305731407555,bliquidity_proxy
2022-04-15,PROXY,151.47323582312578,147.48113038797902,147.48113038797902,16.490045103172882,0.9736448131351184,bliquidity_proxy
2022-04-29,PROXY,181.42979492809548,199.90208699256735,199.57277442090503,15.375520900676149,1.1018150964222433,bliquidity_proxy
2022-05-13,PROXY,243.44828781071175,360.7769825051589,267.79311659178296,11.533944005130811,1.481945039538227,bliquidity_proxy
2022-05-27,PROXY,230.45220109416462,339.37854992965356,253.4974212035811,11.637071986761622,1.472663521191454,bliquidity_proxy
2022-06-10,PROXY,164.87961072113146,234.1251638087984,181.36757179324465,12.60890046117213,1.4199764469652052,bliquidity_proxy
2022-06-24,PROXY,159.94327024109796,216.99218634130932,175.93759726520778,12.925753430908069,1.3566821912182738,bliquidity_proxy
2022-07-08,PROXY,224.16589768339813,310.3818504570347,246.58248745173796,12.91645391185648,1.384607800136505,bliquidity_proxy
2022-07-22,PROXY,246.665485008348,339.63771489027414,271.33203350918285,12.700930543476742,1.3769162510870931,bliquidity_proxy
2022-08-05,PROXY,188.5959195293236,257.76307340350587,207.45551148225596,12.813912432063347,1.366747881114299,bliquidity_proxy
2022-08-19,PROXY,150.21579051209483,211.25000123839175,165.23736956330433,12.727737226893357,1.4063102189072638,bliquidity_proxy
2022-09-02,PROXY,197.789371838572,275.28648102247575,217.5683090224292,12.853770894127065,1.3918163471753875,bliquidity_proxy
2022-09-14,26239RMFS,,,,8.98,0.4025,wayback_html
2022-09-16,PROXY,249.17965919733405,345.527465923574,274.0976251170675,12.898608706086453,1.386659998800058,bliquidity_proxy
2022-09-21,26237RMFS,,,0.0,,0.0,wayback_html
2022-09-21,26240RMFS,,,0.0,,0.0,wayback_html
2022-09-30,PROXY,215.6600077435335,305.19612652297656,237.22600851788687,12.275860378757695,1.4151725659118073,bliquidity_proxy
2022-10-14,PROXY,155.10295259459377,223.5895952635152,170.61324785405316,11.982710872340459,1.4415560214893588,bliquidity_proxy
2022-10-19,26239RMFS,,,,10.0,0.7955,wayback_html
2022-10-19,29021RMFS,,,,,0.3258,wayback_html
2022-10-26,52004RMFS,,,,3.32,0.8034,wayback_html
2022-10-26,29021RMFS,,,,,0.5651,wayback_html
2022-10-26,26237RMFS,,,,9.89,0.2706,wayback_html
2022-10-28,PROXY,172.06179752054555,234.8296798669856,189.26797727260012,12.835572435088812,1.364798480842007,bliquidity_proxy
2022-11-02,26240RMFS,,,,10.9,0.3579,wayback_html
2022-11-02,29021RMFS,,,,,0.6232,wayback_html
2022-11-02,52004RMFS,,,,3.36,0.5758,wayback_html
2022-11-09,26237RMFS,,,,10.31,0.0526,wayback_html
2022-11-09,29021RMFS,,,,,0.0892,wayback_html
2022-11-09,52004RMFS,,,,3.36,0.3519,wayback_html
2022-11-11,PROXY,237.25666322787063,328.72351032440326,260.9823295506577,12.605349336212589,1.385518559740867,bliquidity_proxy
2022-11-16,29022RMFS,,,,,0.8293,wayback_html
2022-11-16,52004RMFS,,,,3.33,0.514,wayback_html
2022-11-16,26241RMFS,,,,10.2,0.2126,wayback_html
2022-11-23,26240RMFS,,,,10.3,0.3317,wayback_html
2022-11-23,52004RMFS,,,,3.33,0.6217,wayback_html
2022-11-23,29021RMFS,,,,0.0,0.1821,wayback_html
2022-11-25,PROXY,238.1269474584247,304.37525212641174,261.93964220426716,13.841688449208617,1.2782058283410094,bliquidity_proxy
2022-11-30,26241RMFS,,,,10.1,0.1979,wayback_html
2022-11-30,52004RMFS,,,,3.33,0.8621,wayback_html
2022-11-30,29021RMFS,,,,,0.7178,wayback_html
2022-12-07,29023RMFS,,,,,0.8235,wayback_html
2022-12-07,52004RMFS,,,,3.33,0.7496,wayback_html
2022-12-07,26237RMFS,,,,9.87,0.1166,wayback_html
2022-12-09,PROXY,173.17008224057182,247.9211970681259,190.487090464629,12.092633486211797,1.4316629862409382,bliquidity_proxy
2022-12-14,52004RMFS,,,,3.32,0.9838,wayback_html
2022-12-14,26241RMFS,,,,10.14,0.3139,wayback_html
2022-12-14,29022RMFS,,,,,0.4767,wayback_html
2022-12-21,29023RMFS,,,,,0.5714,wayback_html
2022-12-21,26241RMFS,,,,10.21,0.6091,wayback_html
2022-12-21,26237RMFS,,,,9.92,0.0668,wayback_html
2022-12-23,PROXY,154.53575590323697,229.61882191350418,169.98933149356068,11.490421174236875,1.485862094318681,bliquidity_proxy
2023-01-06,PROXY,186.0292250900537,283.5021140174846,204.6321475990591,11.704648153828431,1.5239654623097303,bliquidity_proxy
2023-01-11,26240RMFS,,,,10.33,0.3447,wayback_html
2023-01-11,26241RMFS,,,,10.25,0.2836,wayback_html
2023-01-18,26239RMFS,,,,10.18,0.5763,wayback_html
2023-01-18,52004RMFS,,,,3.32,0.3397,wayback_html
2023-01-18,26238RMFS,,,,10.41,0.5835,wayback_html
2023-01-20,PROXY,245.6472625363814,320.6567159189882,270.2119887900196,13.496063085285979,1.305354322324262,bliquidity_proxy
2023-01-25,26240RMFS,,,,10.48,0.6331,wayback_html
2023-01-25,26242RMFS,,,,9.93,0.0993,wayback_html
2023-02-01,52004RMFS,,,,3.33,0.22,wayback_html
2023-02-01,26238RMFS,,,,10.52,0.72,wayback_html
2023-02-01,26241RMFS,,,,10.34,0.49,wayback_html
2023-02-03,PROXY,226.4541343060012,306.8211839169282,249.09954773660135,12.945630265522151,1.3548932761030064,bliquidity_proxy
2023-02-08,26242RMFS,,,,9.83,0.3671,wayback_html
2023-02-08,26240RMFS,,,,10.57,0.5006,wayback_html
2023-02-15,26241RMFS,,,,10.5,0.577,wayback_html
2023-02-15,26238RMFS,,,,10.7,0.4865,wayback_html
2023-02-15,52004RMFS,,,,3.33,0.711,wayback_html
2023-02-17,PROXY,161.58726693381666,221.10653474336215,177.74599362719837,12.796207513476396,1.3683413237871245,bliquidity_proxy
2023-02-22,26240RMFS,,,0.0,,0.0,wayback_html
2023-02-22,26242RMFS,,,,10.05,0.1399,wayback_html
2023-03-01,26241RMFS,,,,10.54,0.3443,wayback_html
2023-03-01,26238RMFS,,,,10.78,0.7056,wayback_html
2023-03-03,PROXY,163.04096516753884,237.4802044624763,179.34506168429274,12.290715608300484,1.4565677050454444,bliquidity_proxy
2023-03-15,26238RMFS,,,,10.77,0.7435,wayback_html
2023-03-15,52005RMFS,,,,3.09,0.4801,wayback_html
2023-03-15,26241RMFS,,,,10.57,0.5954,wayback_html
2023-03-17,PROXY,228.30538184490905,323.31534468004276,251.13592002939995,12.264966994481526,1.4161529704966629,bliquidity_proxy
2023-03-22,26242RMFS,,,,10.19,0.4688,wayback_html
2023-03-22,52005RMFS,,,0.0,,0.0,wayback_html
2023-03-29,26241RMFS,,,,10.56,0.4057,wayback_html
2023-03-29,26238RMFS,,,,10.78,0.6449,wayback_html
2023-03-31,PROXY,244.6998331800279,348.17767009187486,269.1698164980307,12.19025984397621,1.4228766140421412,bliquidity_proxy
2023-04-05,26240RMFS,,,,10.79,0.3591,wayback_html
2023-04-05,26242RMFS,,,,10.19,0.7399,wayback_html
2023-04-12,52005RMFS,,,,3.1,0.2718,wayback_html
2023-04-12,26241RMFS,,,,10.64,0.6691,wayback_html
2023-04-14,PROXY,183.91887984187343,245.18646005003353,202.3107678260608,13.36414918781227,1.333122843401589,bliquidity_proxy
2023-04-19,26242RMFS,,,,10.25,0.6013,wayback_html
2023-04-19,52005RMFS,,,,3.1,0.69,wayback_html
2023-04-26,26241RMFS,,,,10.65,0.6929,wayback_html
2023-04-26,26238RMFS,,,,10.85,0.7435,wayback_html
2023-04-28,PROXY,150.90239154779582,206.7243665673911,165.9926307025754,12.778654713521696,1.3699210757830471,bliquidity_proxy
2023-05-03,26240RMFS,,,,10.81,0.6355,wayback_html
2023-05-03,29024RMFS,,,,,0.2896,wayback_html
2023-05-12,PROXY,202.65417935730292,281.36211503340064,222.91959729303323,12.883604738325465,1.3883854550925716,bliquidity_proxy
2023-05-17,52005RMFS,,,,3.11,0.8617,wayback_html
2023-05-17,26241RMFS,,,,10.59,0.6977,wayback_html
2023-05-17,26238RMFS,,,,10.83,0.4865,wayback_html
2023-05-24,26240RMFS,,,,10.77,0.3241,wayback_html
2023-05-24,26242RMFS,,,,10.08,0.8436,wayback_html
2023-05-26,PROXY,249.8234586560887,345.0601293484812,274.80580452169755,12.653156841914916,1.3812158842276576,bliquidity_proxy
2023-05-31,29024RMFS,,,,,0.2959,wayback_html
2023-05-31,26238RMFS,,,,10.87,0.6343,wayback_html
2023-06-07,26240RMFS,,,,10.81,0.7565,wayback_html
2023-06-07,26242RMFS,,,,10.11,0.5191,wayback_html
2023-06-07,52005RMFS,,,,3.11,0.9664,wayback_html
2023-06-09,PROXY,210.97126291895023,308.45779888355133,232.06838921084528,11.754617434315744,1.4620844309115832,bliquidity_proxy
2023-06-14,26241RMFS,,,,10.68,0.6754,wayback_html
2023-06-14,29024RMFS,,,,,0.5901,wayback_html
2023-06-21,26243RMFS,,,,10.96,0.6126,wayback_html
2023-06-21,26242RMFS,,,,10.2,0.6239,wayback_html
2023-06-21,52005RMFS,,,,3.11,0.8665,wayback_html
2023-06-23,PROXY,153.17690128743934,212.7434610567421,168.49459141618328,12.568063369240932,1.388874296768316,bliquidity_proxy
2023-06-28,29024RMFS,,,,,0.2362,wayback_html
2023-07-05,26238RMFS,,,,11.11,0.831,wayback_html
2023-07-05,26241RMFS,,,,10.8,0.426,wayback_html
2023-07-05,52005RMFS,,,,3.11,0.3528,wayback_html
2023-07-07,PROXY,176.22381654939707,250.93185974847503,193.8461982043368,12.17846219894166,1.4239384020952506,bliquidity_proxy
2023-07-12,26243RMFS,,,,11.11,0.5661,wayback_html
2023-07-12,29024RMFS,,,,,0.4454,wayback_html
2023-07-19,26241RMFS,,,,11.03,0.5125,wayback_html
2023-07-19,52005RMFS,,,,3.1,0.6471,wayback_html
2023-07-21,PROXY,240.3209203432915,349.73894172802375,264.3530123776207,12.301742518931633,1.4552996103228624,bliquidity_proxy
2023-07-26,26243RMFS,,,,11.11,0.5652,wayback_html
2023-07-26,29024RMFS,,,,,0.4986,wayback_html
2023-08-02,52005RMFS,,,,3.11,0.7942,wayback_html
2023-08-02,26241RMFS,,,,11.06,0.7184,wayback_html
2023-08-02,26238RMFS,,,,11.21,0.513,wayback_html
2023-08-04,PROXY,234.80292441724558,344.3782376202476,258.28321685897015,11.70367459458203,1.4666692864876176,bliquidity_proxy
2023-08-09,26243RMFS,,,0.0,,0.0,wayback_html
2023-08-09,29024RMFS,,,,,0.4031,wayback_html
2023-08-18,PROXY,169.19678979733177,242.27627853700267,186.11646877706497,12.089777036339536,1.4319200667294418,bliquidity_proxy
2023-08-23,52005RMFS,,,,3.1,0.8313,wayback_html
2023-08-23,26241RMFS,,,,11.34,0.2856,wayback_html
2023-08-23,26238RMFS,,,,11.35,0.8911,wayback_html
2023-08-30,29024RMFS,,,,0.0,0.3018,wayback_html
2023-08-30,26243RMFS,,,,11.36,0.457,wayback_html
2023-09-01,PROXY,156.77318503278642,219.64851484764625,172.45050353606507,12.773398169673923,1.4010592104874986,bliquidity_proxy
2023-09-06,52005RMFS,,0.1888,0.0,,0.0,wayback_html
2023-09-06,26241RMFS,,,0.0,,0.0,wayback_html
2023-09-13,29024RMFS,,,,,0.5666,wayback_html
2023-09-15,PROXY,218.98178134146517,312.6050441299172,240.8799594756117,12.13845499865974,1.427539050120623,bliquidity_proxy
2023-09-20,26241RMFS,,,,11.9,0.0938,wayback_html
2023-09-20,26238RMFS,,,,11.84,0.6247,wayback_html
2023-09-27,26243RMFS,,,0.0,,0.0,wayback_html
2023-09-27,52005RMFS,,,0.0,,0.0,wayback_html
2023-09-29,PROXY,248.4178469217362,370.13156382849985,273.25963161390985,11.444937703193936,1.489955606712546,bliquidity_proxy
2023-10-04,29025RMFS,,,,,0.2755,wayback_html
2023-10-11,26241RMFS,,,,12.43,0.6834,wayback_html
2023-10-11,52005RMFS,,,,3.38,0.2998,wayback_html
2023-10-13,PROXY,194.2592620579167,297.18092967542094,213.68518826370837,11.002044305396188,1.5298160125143432,bliquidity_proxy
2023-10-18,26243RMFS,,,,12.32,0.4145,wayback_html
2023-10-18,26238RMFS,,,,12.36,0.4511,wayback_html
2023-10-25,29025RMFS,,,,,0.2558,wayback_html
2023-10-27,PROXY,150.01220800494252,231.57108914951635,165.01342880543675,10.847981935066787,1.5436816258439892,bliquidity_proxy
2023-11-01,26238RMFS,,,,12.5,0.2953,wayback_html
2023-11-01,26244RMFS,,,,12.5,0.6392,wayback_html
2023-11-08,26243RMFS,,,,12.18,0.4177,wayback_html
2023-11-10,PROXY,192.07035469857135,300.8303287861866,211.2773901684285,10.597214369801602,1.566250706717856,bliquidity_proxy
2023-11-15,26244RMFS,,,,11.99,0.4329,wayback_html
2023-11-15,52005RMFS,,,,3.8,0.7941,wayback_html
2023-11-22,26243RMFS,,,,11.85,0.4976,wayback_html
2023-11-24,PROXY,247.81923671527312,357.6677181587621,272.6011603868005,11.963772102625253,1.4432605107637273,bliquidity_proxy
2023-11-29,26244RMFS,,,,11.82,0.4778,wayback_html
2023-12-06,26243RMFS,,,,12.11,0.6312,wayback_html
2023-12-08,PROXY,221.00698411196535,287.19169202575006,243.1076825231619,13.561457195083506,1.299468852442485,bliquidity_proxy
2023-12-13,26244RMFS,,,,12.3,0.5158,wayback_html
2023-12-13,52005RMFS,,,,4.22,0.8812,wayback_html
2023-12-20,26243RMFS,,,,12.0,0.4118,wayback_html
2023-12-22,PROXY,157.92563642553947,142.13307278301195,142.13307278301195,17.99999999999814,0.9000000000001674,bliquidity_proxy
2024-01-05,PROXY,152.05378626684308,195.86711471774862,167.25916489352738,13.687293108095286,1.2881436202714243,bliquidity_proxy
2024-01-17,26238,250.0,180.0,250.0,12.5,0.72,
2024-01-19,PROXY,207.4938604831476,282.45502814307844,228.2432465314624,12.874785238068975,1.361269328573792,bliquidity_proxy
2024-02-02,PROXY,249.99559300536336,344.33723167550573,274.9951523058997,12.979363417327246,1.3773732070073668,bliquidity_proxy
2024-02-14,26239,300.0,220.0,280.0,12.8,0.7333333333333333,
2024-02-16,PROXY,206.1786561372612,304.1073017081939,226.79652175098735,12.130696948414958,1.4749698509322795,bliquidity_proxy
2024-03-01,PROXY,151.69411149958034,198.58833644355772,166.8635226495384,13.454036087609175,1.3091367521151742,bliquidity_proxy
2024-03-13,26240,350.0,400.0,350.0,13.1,1.1428571428571428,
2024-03-15,PROXY,180.61091822952847,250.12988215544934,198.67201005248134,12.612110164312618,1.3849100852118643,bliquidity_proxy
2024-03-29,PROXY,243.00347029062263,345.31265935733444,267.3038173196849,12.59983081027594,1.4210194568182668,bliquidity_proxy
2024-04-10,26241,400.0,350.0,400.0,13.4,0.875,
2024-04-12,PROXY,231.14943157211744,344.1545336670335,254.2643747293292,12.009710239357922,1.488883322473839,bliquidity_proxy
2024-04-26,PROXY,165.51510295323055,223.22831465654227,182.06661324855364,13.228795719042674,1.3486884923100926,bliquidity_proxy
2024-05-10,PROXY,159.41983064316497,194.52174693681744,175.36181370748147,14.442384645482104,1.2201853819066106,bliquidity_proxy
2024-05-15,26242,350.0,280.0,320.0,13.0,0.8,
2024-05-24,PROXY,223.38725810225668,322.21095519646593,245.7259839124824,11.973473890948794,1.4423873498146085,bliquidity_proxy
2024-06-07,PROXY,246.9759865856574,362.1406119291692,271.67358524422315,11.707790248687921,1.4662988776180872,bliquidity_proxy
2024-06-12,26243,300.0,150.0,200.0,13.8,0.5,
2024-06-21,PROXY,189.45947335432592,238.08780032740205,208.40542068975853,14.037013843639516,1.2566687540724435,bliquidity_proxy
2024-07-05,PROXY,150.14144883039256,162.0876270194758,162.0876270194758,16.004820470433835,1.0795661576609552,bliquidity_proxy
2024-07-17,26244,400.0,500.0,400.0,12.9,1.25,
2024-07-19,PROXY,196.90548746406395,263.1337525032327,216.59603621047037,13.151717208081273,1.3363454512726856,bliquidity_proxy
2024-08-02,PROXY,249.01228109786112,399.8931902789601,273.9135092076473,10.992021377737895,1.605917541560142,bliquidity_proxy
2024-08-14,26245,350.0,200.0,250.0,14.2,0.5714285714285714,minfin_live
2024-08-16,PROXY,216.49811848661986,296.6205741177018,238.14793033528187,12.776846192004939,1.3700838427195556,bliquidity_proxy
2024-08-30,PROXY,155.49953255718614,208.6228460372979,171.04948581290478,13.092999416032526,1.3416300525570728,bliquidity_proxy
2024-09-11,26246,300.0,180.0,220.0,14.5,0.6,
2024-09-13,PROXY,171.33214125922288,243.2619376711849,188.4653553851452,12.224148494827602,1.4198266354655158,bliquidity_proxy
2024-09-27,PROXY,236.66054093043587,347.2724889590149,260.32659502347946,11.69570526845912,1.4673865258386793,bliquidity_proxy
2024-10-11,PROXY,238.69357951042159,365.5929769095141,262.5629374614638,10.981761821096102,1.5316414361013508,bliquidity_proxy
2024-10-16,26247,400.0,320.0,380.0,13.6,0.8,
2024-10-25,PROXY,173.9211639190815,258.5986693035737,191.31328031098965,11.479189748555704,1.4868729226299866,bliquidity_proxy
2024-11-08,PROXY,154.17452548997267,218.62083662647245,169.59197803896996,12.244346468776438,1.418008817810121,bliquidity_proxy
2024-11-13,26248,350.0,290.0,330.0,13.3,0.8285714285714286,
2024-11-22,PROXY,213.54674026580827,291.6300171344321,234.90141429238912,12.826115726783897,1.3656495845894492,bliquidity_proxy
2024-12-06,PROXY,249.53016166948868,359.0861266547509,274.48317783643756,12.443052277257356,1.4390489881154045,bliquidity_proxy
2024-12-11,26249,300.0,260.0,280.0,13.1,0.8666666666666667,
2024-12-20,PROXY,199.998492782332,291.43278948445163,219.99834206056525,12.285435401554365,1.4571749288212483,bliquidity_proxy
2025-01-03,PROXY,207.05600040299336,296.8230857687189,227.7616004432927,12.07177633152321,1.4335401301629112,bliquidity_proxy
2025-01-15,26245RMFS,,,,16.81,0.4007,wayback_html
2025-01-15,26250,350.0,300.0,340.0,14.0,0.8571428571428571,
2025-01-15,26248RMFS,,,,16.81,0.4199,wayback_html
2025-01-17,PROXY,151.93012540602217,152.0194124591497,152.0194124591497,16.88235905574729,1.000587684982744,bliquidity_proxy
2025-01-22,26247RMFS,,,,17.04,0.5964,wayback_html
2025-01-29,26235RMFS,,,,16.82,0.4852,wayback_html
2025-01-29,26238RMFS,,,,16.08,0.6797,wayback_html
2025-01-31,PROXY,179.79811773384674,225.56911007706867,197.77792950723145,14.047227764691634,1.2545688070604624,bliquidity_proxy
2025-02-05,26246RMFS,,,,17.5,0.8373,wayback_html
2025-02-05,26228RMFS,,,,17.42,0.4274,wayback_html
2025-02-12,26248RMFS,,,,17.14,0.9089,wayback_html
2025-02-12,26233RMFS,,,,16.9,0.3249,wayback_html
2025-02-14,PROXY,242.5451762267059,364.0907920795252,266.7996938493765,11.32082580134766,1.5011256778787105,bliquidity_proxy
2025-02-19,26251,400.0,180.0,250.0,15.1,0.45,
2025-02-19,26245RMFS,,,,16.54,0.6045,wayback_html
2025-02-19,26247RMFS,,,,16.6,0.6579,wayback_html
2025-02-26,26248RMFS,,,,16.5,0.5938,wayback_html
2025-02-26,26225RMFS,,,,15.99,0.5915,wayback_html
2025-02-28,PROXY,231.8369003569569,355.5833263061532,255.02059039265265,10.958166531027002,1.53376501220757,bliquidity_proxy
2025-03-05,26230RMFS,,,,15.56,0.6922,wayback_html
2025-03-05,26246RMFS,,,,16.2,0.5555,wayback_html
2025-03-12,26245RMFS,,,,15.35,0.6228,wayback_html
2025-03-12,26247RMFS,,,,15.35,0.7388,wayback_html
2025-03-12,26252,300.0,220.0,280.0,14.8,0.7333333333333333,
2025-03-14,PROXY,166.16140215563462,227.85928443850972,182.7775423711981,12.76318931924288,1.3713129612681407,bliquidity_proxy
2025-03-19,26246RMFS,,,,14.85,0.5594,wayback_html
2025-03-19,26238RMFS,,,,14.47,0.5444,wayback_html
2025-03-26,26240RMFS,,,,15.16,0.4583,wayback_html
2025-03-26,26218RMFS,,,,15.35,0.4564,wayback_html
2025-03-28,PROXY,158.90910816845889,226.7176977438231,174.80001898530477,12.14763282280553,1.4267130459475024,bliquidity_proxy
2025-04-02,26247RMFS,,,,15.61,0.4643,wayback_html
2025-04-09,52005RMFS,,,0.0,,0.0,wayback_html
2025-04-09,26221RMFS,,,,16.4,0.1296,wayback_html
2025-04-11,PROXY,222.6012893589175,330.2643937398457,244.8614182948093,12.055139623776064,1.4836589432657528,bliquidity_proxy
2025-04-16,26248RMFS,,,,16.12,0.4748,wayback_html
2025-04-16,26242RMFS,,,,16.44,0.7293,wayback_html
2025-04-23,26245RMFS,,,,16.03,0.2725,wayback_html
2025-04-23,26238RMFS,,,,15.29,0.5856,wayback_html
2025-04-25,PROXY,247.2717667012385,348.4625286927911,271.9989433713624,12.70235707820585,1.4092289360063273,bliquidity_proxy
2025-04-30,26246RMFS,,,,16.14,0.4051,wayback_html
2025-04-30,26235RMFS,,,,16.09,0.6869,wayback_html
2025-05-09,PROXY,190.32633039807655,263.38785255054347,209.35896343788423,12.922825992340757,1.383875010880813,bliquidity_proxy
2025-05-14,26248RMFS,,,,16.33,0.5025,wayback_html
2025-05-21,26246RMFS,,,,16.38,0.5249,wayback_html
2025-05-21,26239RMFS,,,,16.05,0.4984,wayback_html
2025-05-23,PROXY,150.0827319563041,211.10188279903696,165.0910051519345,12.725477420100924,1.406570096688394,bliquidity_proxy
2025-05-28,26224RMFS,,,,16.07,0.6493,wayback_html
2025-05-28,26247RMFS,,,,16.45,0.7401,wayback_html
2025-06-04,26233RMFS,,,,15.29,0.5723,wayback_html
2025-06-04,26248RMFS,,,,15.51,0.6091,wayback_html
2025-06-06,PROXY,196.0225728562639,267.3313753575321,215.62483014189033,12.846905273191485,1.3637785254127663,bliquidity_proxy
2025-06-11,26245RMFS,,,,15.5,0.6169,wayback_html
2025-06-11,26238RMFS,,,,14.88,0.6409,wayback_html
2025-06-18,26218RMFS,,,,15.19,0.5372,wayback_html
2025-06-18,26246RMFS,,,,15.49,0.5723,wayback_html
2025-06-20,PROXY,248.82954339717827,350.49073671153803,273.7124977368961,12.708195053270224,1.4085575688739242,bliquidity_proxy
2025-06-25,26245RMFS,,,,15.25,0.6459,wayback_html
2025-06-25,26247RMFS,,,,15.23,0.4426,wayback_html
2025-07-02,26250RMFS,,,,15.04,0.5721,wayback_html
2025-07-02,26224RMFS,,,,14.33,0.5823,wayback_html
2025-07-04,PROXY,217.3310590047138,301.70749580921756,239.0641649051852,12.575119983570335,1.3882392014786695,bliquidity_proxy
2025-07-09,26248RMFS,,,,15.03,0.5945,wayback_html
2025-07-09,26249RMFS,,,,14.59,0.5526,wayback_html
2025-07-16,26238RMFS,,,,14.12,0.495,wayback_html
2025-07-16,26245RMFS,,,,14.65,0.8842,wayback_html
2025-07-18,PROXY,155.9100581966225,204.7888530021949,171.50106401628474,13.405484890815845,1.313506359826574,bliquidity_proxy
2025-07-23,26221RMFS,,,,14.19,0.7783,wayback_html
2025-07-23,26247RMFS,,,,14.49,0.6462,wayback_html
2025-07-30,26228RMFS,,,,13.66,0.656,wayback_html
2025-07-30,26246RMFS,,,,14.37,0.8211,wayback_html
2025-08-01,PROXY,170.61146900900798,233.30691997809052,187.67261590990879,12.80583324248381,1.367475008176457,bliquidity_proxy
2025-08-06,26225RMFS,,,,14.05,0.4711,wayback_html
2025-08-06,26248RMFS,,,,14.43,0.8728,wayback_html
2025-08-13,26247RMFS,,,,14.11,0.7048,wayback_html
2025-08-13,26249RMFS,,,,13.7,0.5006,wayback_html
2025-08-15,PROXY,236.0529298535316,337.2114093030777,259.6582228388848,12.127316534364944,1.4285415119071552,bliquidity_proxy
2025-08-20,26221RMFS,,,,13.68,0.4632,wayback_html
2025-08-20,26250RMFS,,,,13.94,0.7652,wayback_html
2025-08-27,26238RMFS,,,,13.53,0.6771,wayback_html
2025-08-27,26249RMFS,,,,14.04,0.7297,wayback_html
2025-08-29,PROXY,239.24808566382015,337.0276729254301,263.1728942302022,12.706996696489494,1.4086953799037083,bliquidity_proxy
2025-09-03,26225RMFS,,,,14.01,0.7458,wayback_html
2025-09-03,26247RMFS,,,,14.2,0.5069,wayback_html
2025-09-10,26248RMFS,,,,14.01,0.5685,wayback_html
2025-09-10,26249RMFS,,,,13.98,0.5077,wayback_html
2025-09-12,PROXY,174.68041825377546,222.2967301216466,192.148460079153,13.860099874332018,1.2725910113101184,bliquidity_proxy
2025-09-17,26230RMFS,,,,14.41,0.252,wayback_html
2025-09-17,26246RMFS,,,,14.51,0.6468,wayback_html
2025-09-24,26245RMFS,,,,14.85,0.4993,wayback_html
2025-09-24,26238RMFS,,,,14.26,0.792,wayback_html
2025-09-26,PROXY,153.82765598785068,167.03706369835817,167.03706369835817,15.934761389247285,1.0858714749677443,bliquidity_proxy
2025-10-01,26224RMFS,,,,14.65,0.621,wayback_html
2025-10-01,26250RMFS,,,,15.2,0.7731,wayback_html
2025-10-08,26249RMFS,,,,15.18,0.6601,wayback_html
2025-10-08,26247RMFS,,,,15.23,0.4992,wayback_html
2025-10-10,PROXY,212.6926259895117,266.0822072057857,233.9618885884629,14.09980503461853,1.2510175468843323,bliquidity_proxy
2025-10-15,26251RMFS,,,,15.39,0.8271,wayback_html
2025-10-15,26246RMFS,,,,15.39,0.7223,wayback_html
2025-10-22,26250RMFS,,,,15.12,0.7179,wayback_html
2025-10-22,26252RMFS,,,,15.12,0.6015,wayback_html
2025-10-24,PROXY,249.6434527512659,406.52232028902904,274.6077980263925,9.906536622137807,1.6284117040075974,bliquidity_proxy
2025-10-29,26249RMFS,,,,15.34,0.4095,wayback_html
2025-10-29,26247RMFS,,,,15.11,0.7595,wayback_html
2025-11-07,PROXY,200.88358927336856,274.2907530367505,220.97194820070544,12.828651037321407,1.3654214066410733,bliquidity_proxy
2025-11-12,29028RMFS,,,,0.0,0.4694,wayback_html
2025-11-12,29029RMFS,,,,0.0,0.5914,wayback_html
2025-11-12,26252RMFS,,,,14.85,0.8288,wayback_html
2025-11-19,26253RMFS,,,,14.75,0.4219,wayback_html
2025-11-19,26249RMFS,,,,14.93,0.7367,wayback_html
2025-11-21,PROXY,150.5981863272915,210.26672653360833,165.65800496002066,12.48655313545996,1.3962102178086035,bliquidity_proxy
2025-11-26,26254RMFS,,,,14.76,0.5683,wayback_html
2025-11-26,26252RMFS,,,,14.99,0.5581,wayback_html
2025-12-05,PROXY,185.6062775745757,276.15223539485123,204.16690533203328,11.468456933946909,1.4878388759447783,bliquidity_proxy
2025-12-19,PROXY,245.46549854449205,386.74141688971525,270.01204839894126,10.49396807367904,1.5755428733688865,bliquidity_proxy
2026-01-02,PROXY,245.4648713412841,419.468746307176,270.0113584754125,9.012501616260279,1.708874854536575,bliquidity_proxy
2026-01-14,26253RMFS,674.2310699999999,44.396336000000005,13.460899,14.99,0.30319842159947613,
2026-01-14,26225RMFS,43.860597999999996,25.89705,13.651899,14.799999999999999,0.5271603908553291,
2026-01-16,PROXY,185.6048341667467,303.5262703131216,204.16531758342143,10.736208544503064,1.6353360173821476,bliquidity_proxy
2026-01-21,26228RMFS,100.0,56.940644,14.949843999999999,14.66,0.26255136840391197,
2026-01-21,26230RMFS,89.175661,74.55780499999999,50.860676,14.71,0.6821643421503625,
2026-01-28,26254RMFS,921.780992,77.644727,59.568775,15.07,0.7671966571535502,
2026-01-28,26235RMFS,100.0,46.170585,18.894069,14.89,0.40922308001945396,
2026-01-30,PROXY,150.5984187953569,174.43650260611284,165.6582606748926,15.130121432922385,1.1582890710369855,bliquidity_proxy
2026-02-04,26251RMFS,80.047482,294.005164,0.0,,0.0,minfin_live
2026-02-04,26253RMFS,660.770171,89.744516,22.332013,15.079999999999998,0.24883986225966162,
2026-02-11,26250RMFS,290.122813,80.100635,48.461057999999994,15.329999999999998,0.6050021700826717,
2026-02-11,26249RMFS,500.0,224.970526,66.031212,15.25,0.2935105019045917,
2026-02-13,PROXY,200.88509625527067,262.09238304390425,220.97360588079775,13.503466192055509,1.304688042715004,bliquidity_proxy
2026-02-18,26254RMFS,858.3914279999999,289.09254100000004,255.14686300000002,14.75,0.8825785062368662,
2026-02-18,26245RMFS,500.0,118.274081,72.276148,14.75,0.6110903368591805,minfin_live
2026-02-25,26253RMFS,606.0776520000001,104.830208,27.180049999999998,14.75,0.25927688705911944,
2026-02-25,26252RMFS,501.090024,136.772366,102.210175,14.760000000000002,0.7473013591064148,
2026-02-27,PROXY,249.64363240422685,342.9454365366735,274.6079956446496,13.010956767038678,1.373739971790552,bliquidity_proxy
2026-03-04,26218RMFS,250.0,137.465069,49.755955,14.729999999999999,0.361953442877914,
2026-03-04,26246RMFS,250.0,102.256179,78.084728,14.860000000000001,0.763618675796599,
2026-03-11,26244RMFS,500.0,86.889135,64.791853,14.82,0.7456841755876613,
2026-03-11,26254RMFS,603.244565,92.562825,74.874054,14.899999999999999,0.808899836408407,
2026-03-13,PROXY,212.6911681381018,360.07186845159856,233.960284951912,10.235366398852946,1.692932864131911,bliquidity_proxy
2026-03-18,26238RMFS,277.928202,108.95438,86.313315,13.750000000000002,0.7921968350423361,
2026-03-18,26250RMFS,241.661755,172.2121,66.65356,14.649999999999999,0.3870434191325696,
2026-03-25,26230RMFS,279.16969,53.57498399999999,23.751137,14.469999999999999,0.44332513473079155,
2026-03-25,26245RMFS,427.723852,144.96988000000002,100.034628,14.7,0.6900373236150847,
2026-03-27,PROXY,153.82707764979702,257.99462680851246,169.20978541477675,10.372408384440526,1.6771730357893393,bliquidity_proxy
2026-04-01,26253RMFS,532.0928660000001,82.548164,51.009144,14.760000000000002,0.6179319021559341,
2026-04-01,26249RMFS,358.29712800000004,183.075494,165.307443,14.549999999999999,0.9029468630028659,
2026-04-08,26254RMFS,528.3705110000001,70.77096,32.870432,14.860000000000001,0.46446214662059127,
2026-04-08,26235RMFS,281.105931,106.43363400000001,57.96809,14.180000000000001,0.5446407100973363,
2026-04-10,PROXY,174.68171794451206,229.3941299798834,192.14988973896328,13.408755441409234,1.313212010273169,bliquidity_proxy
2026-04-15,26244RMFS,435.208147,140.06282199999998,72.676659,14.680000000000001,0.5188861538146076,
2026-04-15,26253RMFS,481.083722,207.332296,129.585718,14.87,0.6250146286905539,
2026-04-22,26254RMFS,485.62998999999996,198.762795,99.86412200000001,14.52,0.5024286461658983,
2026-04-22,26245RMFS,327.68922399999997,235.61343599999998,115.75408,14.549999999999999,0.4912881114301139,
2026-04-24,PROXY,239.24901943406553,275.1101988295377,263.1739213774721,15.22343776277303,1.1498906013504273,bliquidity_proxy
2026-04-29,26218RMFS,186.612944,107.89491199999999,87.886546,14.2,0.814556908855906,
2026-04-29,26238RMFS,191.61488699999998,49.815715,34.17328,14.2,0.6859939679677387,
2026-05-06,26235RMFS,223.137841,100.905276,47.82323,14.14,0.47394181846348654,
2026-05-06,26240RMFS,120.214071,143.121759,54.680690999999996,14.7,0.3820571475787969,
2026-05-08,PROXY,236.0518855250866,276.4153461713635,259.65707407759527,14.988955342193787,1.170994019202559,bliquidity_proxy
2026-05-13,26253RMFS,351.49800400000004,56.113049,25.274285,14.75,0.45041724608477435,
2026-05-13,26249RMFS,192.989685,102.045329,63.892737999999994,14.35,0.6261211426933613,
2026-05-20,26228RMFS,185.05015600000002,109.289074,73.435813,13.919999999999998,0.6719410304455503,
2026-05-20,26252RMFS,398.879849,145.13238,101.007906,14.649999999999999,0.6959708508879962,
2026-05-22,PROXY,170.61024964162968,237.661592973326,187.67127460579263,12.522123542301236,1.393008881192889,bliquidity_proxy
2026-05-27,26251RMFS,180.047482,97.552522,70.001356,14.11,0.7175760766082501,
2026-05-27,26230RMFS,255.418553,67.460242,34.982454,14.799999999999999,0.5185640158243132,
